{"cameraMode":{"drawMode":0,"name":"Shaded","section":"Shading Mode"},"sceneLighting":false,"audioPlay":false,"sceneViewState":{"showFog":true,"showMaterialUpdate":false,"showSkybox":false,"showFlares":true,"showImageEffects":true,"showParticleSystems":true},"in2DMode":false,"pivot":{"x":-0.1893315315246582,"y":-0.0625,"z":8.78038215637207},"rotation":{"x":-0.0005781595828011632,"y":0.2768363654613495,"z":0.00016676615632604808,"w":0.960917592048645},"size":10.729681968688965,"orthographic":true}